{"cameraMode":{"drawMode":0,"name":"Shaded","section":"Shading Mode"},"sceneLighting":false,"audioPlay":false,"sceneViewState":{"m_AlwaysRefresh":false,"showFog":true,"showSkybox":false,"showFlares":true,"showImageEffects":true,"showParticleSystems":true,"showVisualEffectGraphs":true,"m_FxEnabled":true},"in2DMode":false,"pivot":{"x":-3.8743019104003908e-7,"y":1.2739999294281006,"z":0.28000134229660036},"rotation":{"x":0.09223899245262146,"y":0.9056991934776306,"z":-0.2588692307472229,"w":0.32272154092788699},"size":0.6116161942481995,"orthographic":true}