{"cameraMode":{"drawMode":0,"name":"Shaded","section":"Shading Mode"},"sceneLighting":false,"audioPlay":false,"sceneViewState":{"m_AlwaysRefresh":false,"showFog":true,"showSkybox":false,"showFlares":true,"showImageEffects":true,"showParticleSystems":true,"showVisualEffectGraphs":true,"m_FxEnabled":true},"in2DMode":false,"pivot":{"x":0.013575911521911621,"y":1.3446593284606934,"z":0.318956196308136},"rotation":{"x":0.16088604927062989,"y":0.6610469222068787,"z":-0.14816685020923615,"w":0.7177609205245972},"size":0.6116161942481995,"orthographic":false}