{"cameraMode":{"drawMode":0,"name":"Shaded","section":"Shading Mode"},"sceneLighting":false,"audioPlay":false,"sceneViewState":{"m_AlwaysRefresh":false,"showFog":true,"showSkybox":false,"showFlares":true,"showImageEffects":true,"showParticleSystems":true,"showVisualEffectGraphs":true,"m_FxEnabled":true},"in2DMode":false,"pivot":{"x":0.00003600120544433594,"y":2.6023151874542238,"z":0.1134391725063324},"rotation":{"x":0.11987645924091339,"y":0.2589244544506073,"z":-0.032403744757175449,"w":0.9578825235366821},"size":5.468641757965088,"orthographic":false}