{"cameraMode":{"drawMode":0,"name":"Shaded","section":"Shading Mode"},"sceneLighting":false,"audioPlay":false,"sceneViewState":{"m_AlwaysRefresh":false,"showFog":true,"showSkybox":false,"showFlares":true,"showImageEffects":true,"showParticleSystems":true,"showVisualEffectGraphs":true,"m_FxEnabled":true},"in2DMode":false,"pivot":{"x":0.00001800060272216797,"y":1.041657567024231,"z":0.0567195862531662},"rotation":{"x":0.03543556481599808,"y":0.9615895748138428,"z":-0.22707614302635194,"w":0.15004995465278626},"size":1.490513563156128,"orthographic":false}