{"cameraMode":{"drawMode":0,"name":"Shaded","section":"Shading Mode"},"sceneLighting":true,"audioPlay":false,"sceneViewState":{"m_AlwaysRefresh":false,"showFog":true,"showSkybox":true,"showFlares":true,"showImageEffects":true,"showParticleSystems":true,"showVisualEffectGraphs":true,"m_FxEnabled":true},"in2DMode":false,"pivot":{"x":-0.3677845001220703,"y":3.330371379852295,"z":0.2653617858886719},"rotation":{"x":0.011991620063781739,"y":0.968999981880188,"z":-0.0480048768222332,"w":0.24206189811229707},"size":2.981027126312256,"orthographic":false}